Workbook

Sheet Resultados
A1: Caso de Teste | B1: Original | C1: M1 | D1: M2 | E1: M3 | F1: M4 | G1: M5 | H1: M6 | I1: M7 | J1: M8 | K1: M9 | L1: M10 | M1: M11 | N1: M12 | O1: M13 | P1: M14 | Q1: M15 | R1: M16 | S1: M17 | T1: M18 | U1: M19 | V1: M20 | W1: M21 | X1: M22 | Y1: M23 | Z1: M24 | AA1: Caminho original (path.tes)
A2: CT01: 8 8 80 | B2: Media: 8.0 APROVADO | C2: Media: 0.0 REPROVADO POR NOTA | D2: Media: 32.0 APROVADO | E2: Media: 32.0 APROVADO | F2: Media: 8.0 APROVADO | G2: Media: 8.0 APROVADO | H2: Media: 8.0 APROVADO | I2: Media: 8.0 APROVADO | J2: Media: 8.0 APROVADO | K2: Media: 8.0 APROVADO | L2: Media: 8.0 APROVADO | M2: Media: 8.0 REPROVADO POR FALTA | N2: Media: 8.0 REPROVADO POR FALTA | O2: Media: 8.0 APROVADO | P2: Media: 8.0 REPROVADO POR FALTA | Q2: Media: 8.0 APROVADO | R2: Media: 8.0 RECUPERAÇÃO | S2: Media: 8.0 RECUPERAÇÃO | T2: Media: 8.0 RECUPERAÇÃO | U2: Media: 8.0 APROVADO | V2: Media: 8.0 APROVADO | W2: Media: 8.0 APROVADO | X2: Media: 8.0 APROVADO | Y2: Media: 8.0 APROVADO | Z2: Media: 8.0 APROVADO | AA2: 1 3 5 7 10
A3: CT02: 7 7 80 | B3: Media: 7.0 APROVADO | C3: Media: 0.0 REPROVADO POR NOTA | D3: Media: 24.5 APROVADO | E3: Media: 28.0 APROVADO | F3: Media: 7.0 APROVADO | G3: Media: 7.0 APROVADO | H3: Media: 7.0 APROVADO | I3: Media: 7.0 APROVADO | J3: Media: 7.0 APROVADO | K3: Media: 7.0 APROVADO | L3: Media: 7.0 APROVADO | M3: Media: 7.0 REPROVADO POR FALTA | N3: Media: 7.0 REPROVADO POR FALTA | O3: Media: 7.0 APROVADO | P3: Media: 7.0 REPROVADO POR FALTA | Q3: Media: 7.0 RECUPERAÇÃO | R3: Media: 7.0 APROVADO | S3: Media: 7.0 RECUPERAÇÃO | T3: Media: 7.0 APROVADO | U3: Media: 7.0 RECUPERAÇÃO | V3: Media: 7.0 APROVADO | W3: Media: 7.0 APROVADO | X3: Media: 7.0 APROVADO | Y3: Media: 7.0 APROVADO | Z3: Media: 7.0 APROVADO | AA3: 1 3 5 7 10
A4: CT03: 6 7 80 | B4: Media: 6.5 RECUPERAÇÃO | C4: Media: -0.5 REPROVADO POR NOTA | D4: Media: 21.0 APROVADO | E4: Media: 26.0 APROVADO | F4: Media: 6.5 RECUPERAÇÃO | G4: Media: 6.5 RECUPERAÇÃO | H4: Media: 6.5 RECUPERAÇÃO | I4: Media: 6.5 RECUPERAÇÃO | J4: Media: 6.5 RECUPERAÇÃO | K4: Media: 6.5 RECUPERAÇÃO | L4: Media: 6.5 RECUPERAÇÃO | M4: Media: 6.5 REPROVADO POR FALTA | N4: Media: 6.5 REPROVADO POR FALTA | O4: Media: 6.5 RECUPERAÇÃO | P4: Media: 6.5 REPROVADO POR FALTA | Q4: Media: 6.5 RECUPERAÇÃO | R4: Media: 6.5 APROVADO | S4: Media: 6.5 APROVADO | T4: Media: 6.5 RECUPERAÇÃO | U4: Media: 6.5 APROVADO | V4: Media: 6.5 RECUPERAÇÃO | W4: Media: 6.5 REPROVADO POR NOTA | X4: Media: 6.5 RECUPERAÇÃO | Y4: Media: 6.5 RECUPERAÇÃO | Z4: Media: 6.5 RECUPERAÇÃO | AA4: 1 3 5 8 10
A5: CT04: 5 5 80 | B5: Media: 5.0 RECUPERAÇÃO | C5: Media: 0.0 REPROVADO POR NOTA | D5: Media: 12.5 APROVADO | E5: Media: 20.0 APROVADO | F5: Media: 5.0 RECUPERAÇÃO | G5: Media: 5.0 RECUPERAÇÃO | H5: Media: 5.0 RECUPERAÇÃO | I5: Media: 5.0 RECUPERAÇÃO | J5: Media: 5.0 RECUPERAÇÃO | K5: Media: 5.0 RECUPERAÇÃO | L5: Media: 5.0 RECUPERAÇÃO | M5: Media: 5.0 REPROVADO POR FALTA | N5: Media: 5.0 REPROVADO POR FALTA | O5: Media: 5.0 RECUPERAÇÃO | P5: Media: 5.0 REPROVADO POR FALTA | Q5: Media: 5.0 RECUPERAÇÃO | R5: Media: 5.0 APROVADO | S5: Media: 5.0 APROVADO | T5: Media: 5.0 RECUPERAÇÃO | U5: Media: 5.0 APROVADO | V5: Media: 5.0 REPROVADO POR NOTA | W5: Media: 5.0 RECUPERAÇÃO | X5: Media: 5.0 RECUPERAÇÃO | Y5: Media: 5.0 RECUPERAÇÃO | Z5: Media: 5.0 RECUPERAÇÃO | AA5: 1 3 5 8 10
A6: CT05: 4 5 80 | B6: Media: 4.5 REPROVADO POR NOTA | C6: Media: -0.5 REPROVADO POR NOTA | D6: Media: 10.0 APROVADO | E6: Media: 18.0 APROVADO | F6: Media: 4.5 REPROVADO POR NOTA | G6: Media: 4.5 REPROVADO POR NOTA | H6: Media: 4.5 REPROVADO POR NOTA | I6: Media: 4.5 REPROVADO POR NOTA | J6: Media: 4.5 REPROVADO POR NOTA | K6: Media: 4.5 REPROVADO POR NOTA | L6: Media: 4.5 REPROVADO POR NOTA | M6: Media: 4.5 REPROVADO POR FALTA | N6: Media: 4.5 REPROVADO POR FALTA | O6: Media: 4.5 REPROVADO POR NOTA | P6: Media: 4.5 REPROVADO POR FALTA | Q6: Media: 4.5 REPROVADO POR NOTA | R6: Media: 4.5 APROVADO | S6: Media: 4.5 APROVADO | T6: Media: 4.5 REPROVADO POR NOTA | U6: Media: 4.5 APROVADO | V6: Media: 4.5 REPROVADO POR NOTA | W6: Media: 4.5 RECUPERAÇÃO | X6: Media: 4.5 REPROVADO POR NOTA | Y6: Media: 4.5 REPROVADO POR NOTA | Z6: Media: 4.5 REPROVADO POR NOTA | AA6: 1 3 5 9 10
A7: CT06: 0 8 80 | B7: Media: 4.0 REPROVADO POR NOTA | C7: Media: -4.0 REPROVADO POR NOTA | D7: Media: 0.0 REPROVADO POR NOTA | E7: Media: 16.0 APROVADO | F7: Notas devem estar entre 0 e 10 e frequência entre 0 e 100. | G7: Media: 4.0 REPROVADO POR NOTA | H7: Media: 4.0 REPROVADO POR NOTA | I7: Media: 4.0 REPROVADO POR NOTA | J7: Media: 4.0 REPROVADO POR NOTA | K7: Media: 4.0 REPROVADO POR NOTA | L7: Media: 4.0 REPROVADO POR NOTA | M7: Media: 4.0 REPROVADO POR FALTA | N7: Media: 4.0 REPROVADO POR FALTA | O7: Media: 4.0 REPROVADO POR NOTA | P7: Media: 4.0 REPROVADO POR FALTA | Q7: Media: 4.0 REPROVADO POR NOTA | R7: Media: 4.0 APROVADO | S7: Media: 4.0 APROVADO | T7: Media: 4.0 REPROVADO POR NOTA | U7: Media: 4.0 APROVADO | V7: Media: 4.0 REPROVADO POR NOTA | W7: Media: 4.0 RECUPERAÇÃO | X7: Media: 4.0 REPROVADO POR NOTA | Y7: Media: 4.0 REPROVADO POR NOTA | Z7: Media: 4.0 REPROVADO POR NOTA | AA7: 1 3 5 9 10
A8: CT07: 10 8 80 | B8: Media: 9.0 APROVADO | C8: Media: 1.0 REPROVADO POR NOTA | D8: Media: 40.0 APROVADO | E8: Media: 36.0 APROVADO | F8: Media: 9.0 APROVADO | G8: Notas devem estar entre 0 e 10 e frequência entre 0 e 100. | H8: Media: 9.0 APROVADO | I8: Media: 9.0 APROVADO | J8: Media: 9.0 APROVADO | K8: Media: 9.0 APROVADO | L8: Media: 9.0 APROVADO | M8: Media: 9.0 REPROVADO POR FALTA | N8: Media: 9.0 REPROVADO POR FALTA | O8: Media: 9.0 APROVADO | P8: Media: 9.0 REPROVADO POR FALTA | Q8: Media: 9.0 APROVADO | R8: Media: 9.0 RECUPERAÇÃO | S8: Media: 9.0 RECUPERAÇÃO | T8: Media: 9.0 RECUPERAÇÃO | U8: Media: 9.0 APROVADO | V8: Media: 9.0 APROVADO | W8: Media: 9.0 APROVADO | X8: Media: 9.0 APROVADO | Y8: Media: 9.0 APROVADO | Z8: Media: 9.0 APROVADO | AA8: 1 3 5 7 10
A9: CT08: 8 0 80 | B9: Media: 4.0 REPROVADO POR NOTA | C9: Media: 4.0 REPROVADO POR NOTA | D9: Media: 0.0 REPROVADO POR NOTA | E9: Media: 16.0 APROVADO | F9: Media: 4.0 REPROVADO POR NOTA | G9: Media: 4.0 REPROVADO POR NOTA | H9: Notas devem estar entre 0 e 10 e frequência entre 0 e 100. | I9: Media: 4.0 REPROVADO POR NOTA | J9: Media: 4.0 REPROVADO POR NOTA | K9: Media: 4.0 REPROVADO POR NOTA | L9: Media: 4.0 REPROVADO POR NOTA | M9: Media: 4.0 REPROVADO POR FALTA | N9: Media: 4.0 REPROVADO POR FALTA | O9: Media: 4.0 REPROVADO POR NOTA | P9: Media: 4.0 REPROVADO POR FALTA | Q9: Media: 4.0 REPROVADO POR NOTA | R9: Media: 4.0 APROVADO | S9: Media: 4.0 APROVADO | T9: Media: 4.0 REPROVADO POR NOTA | U9: Media: 4.0 APROVADO | V9: Media: 4.0 REPROVADO POR NOTA | W9: Media: 4.0 RECUPERAÇÃO | X9: Media: 4.0 REPROVADO POR NOTA | Y9: Media: 4.0 REPROVADO POR NOTA | Z9: Media: 4.0 REPROVADO POR NOTA | AA9: 1 3 5 9 10
A10: CT09: 8 10 80 | B10: Media: 9.0 APROVADO | C10: Media: -1.0 REPROVADO POR NOTA | D10: Media: 40.0 APROVADO | E10: Media: 36.0 APROVADO | F10: Media: 9.0 APROVADO | G10: Media: 9.0 APROVADO | H10: Media: 9.0 APROVADO | I10: Notas devem estar entre 0 e 10 e frequência entre 0 e 100. | J10: Media: 9.0 APROVADO | K10: Media: 9.0 APROVADO | L10: Media: 9.0 APROVADO | M10: Media: 9.0 REPROVADO POR FALTA | N10: Media: 9.0 REPROVADO POR FALTA | O10: Media: 9.0 APROVADO | P10: Media: 9.0 REPROVADO POR FALTA | Q10: Media: 9.0 APROVADO | R10: Media: 9.0 RECUPERAÇÃO | S10: Media: 9.0 RECUPERAÇÃO | T10: Media: 9.0 RECUPERAÇÃO | U10: Media: 9.0 APROVADO | V10: Media: 9.0 APROVADO | W10: Media: 9.0 APROVADO | X10: Media: 9.0 APROVADO | Y10: Media: 9.0 APROVADO | Z10: Media: 9.0 APROVADO | AA10: 1 3 5 7 10
A11: CT10: 8 8 0 | B11: Media: 8.0 REPROVADO POR FALTA | C11: Media: 0.0 REPROVADO POR FALTA | D11: Media: 32.0 REPROVADO POR FALTA | E11: Media: 32.0 REPROVADO POR FALTA | F11: Media: 8.0 REPROVADO POR FALTA | G11: Media: 8.0 REPROVADO POR FALTA | H11: Media: 8.0 REPROVADO POR FALTA | I11: Media: 8.0 REPROVADO POR FALTA | J11: Notas devem estar entre 0 e 10 e frequência entre 0 e 100. | K11: Media: 8.0 REPROVADO POR FALTA | L11: Media: 8.0 REPROVADO POR FALTA | M11: Media: 8.0 APROVADO | N11: Media: 8.0 APROVADO | O11: Media: 8.0 APROVADO | P11: Media: 8.0 REPROVADO POR FALTA | Q11: Media: 8.0 REPROVADO POR FALTA | R11: Media: 8.0 REPROVADO POR FALTA | S11: Media: 8.0 REPROVADO POR FALTA | T11: Media: 8.0 REPROVADO POR FALTA | U11: Media: 8.0 REPROVADO POR FALTA | V11: Media: 8.0 REPROVADO POR FALTA | W11: Media: 8.0 REPROVADO POR FALTA | X11: Media: 8.0 REPROVADO POR FALTA | Y11: Media: 8.0 REPROVADO POR FALTA | Z11: Media: 8.0 REPROVADO POR FALTA | AA11: 1 3 5 6 10
A12: CT11: 8 8 100 | B12: Media: 8.0 APROVADO | C12: Media: 0.0 REPROVADO POR NOTA | D12: Media: 32.0 APROVADO | E12: Media: 32.0 APROVADO | F12: Media: 8.0 APROVADO | G12: Media: 8.0 APROVADO | H12: Media: 8.0 APROVADO | I12: Media: 8.0 APROVADO | J12: Media: 8.0 APROVADO | K12: Notas devem estar entre 0 e 10 e frequência entre 0 e 100. | L12: Media: 8.0 APROVADO | M12: Media: 8.0 REPROVADO POR FALTA | N12: Media: 8.0 REPROVADO POR FALTA | O12: Media: 8.0 APROVADO | P12: Media: 8.0 REPROVADO POR FALTA | Q12: Media: 8.0 APROVADO | R12: Media: 8.0 RECUPERAÇÃO | S12: Media: 8.0 RECUPERAÇÃO | T12: Media: 8.0 RECUPERAÇÃO | U12: Media: 8.0 APROVADO | V12: Media: 8.0 APROVADO | W12: Media: 8.0 APROVADO | X12: Media: 8.0 APROVADO | Y12: Media: 8.0 APROVADO | Z12: Media: 8.0 APROVADO | AA12: 1 3 5 7 10
... A25: CT24: 8 8 | B25: Entrada invalida. | C25: Entrada invalida. | D25: Entrada invalida. | E25: Entrada invalida. | F25: Entrada invalida. | G25: Entrada invalida. | H25: Entrada invalida. | I25: Entrada invalida. | J25: Entrada invalida. | K25: Entrada invalida. | L25: Entrada invalida. | M25: Entrada invalida. | N25: Entrada invalida. | O25: Entrada invalida. | P25: Entrada invalida. | Q25: Entrada invalida. | R25: Entrada invalida. | S25: Entrada invalida. | T25: Entrada invalida. | U25: Entrada invalida. | V25: Entrada invalida. | W25: Entrada invalida. | X25: Entrada invalida. | Y25: Entrada invalida. | Z25: Entrada invalida. | AA25: 1 2 10

Sheet Detecção
A1: Caso de Teste | B1: Original | C1: M1 | D1: M2 | E1: M3 | F1: M4 | G1: M5 | H1: M6 | I1: M7 | J1: M8 | K1: M9 | L1: M10 | M1: M11 | N1: M12 | O1: M13 | P1: M14 | Q1: M15 | R1: M16 | S1: M17 | T1: M18 | U1: M19 | V1: M20 | W1: M21 | X1: M22 | Y1: M23 | Z1: M24
A2: CT01: 8 8 80 | B2: Media: 8.0 APROVADO | C2: =IF(Resultados!C2<>Resultados!$B2,"MORTO","SOBREVIVE") -> MORTO | D2: =IF(Resultados!D2<>Resultados!$B2,"MORTO","SOBREVIVE") -> MORTO | E2: =IF(Resultados!E2<>Resultados!$B2,"MORTO","SOBREVIVE") -> MORTO | F2: =IF(Resultados!F2<>Resultados!$B2,"MORTO","SOBREVIVE") -> SOBREVIVE | G2: =IF(Resultados!G2<>Resultados!$B2,"MORTO","SOBREVIVE") -> SOBREVIVE | H2: =IF(Resultados!H2<>Resultados!$B2,"MORTO","SOBREVIVE") -> SOBREVIVE | I2: =IF(Resultados!I2<>Resultados!$B2,"MORTO","SOBREVIVE") -> SOBREVIVE | J2: =IF(Resultados!J2<>Resultados!$B2,"MORTO","SOBREVIVE") -> SOBREVIVE | ... Z2: =IF(Resultados!Z2<>Resultados!$B2,"MORTO","SOBREVIVE") -> SOBREVIVE
A3: CT02: 7 7 80 | B3: Media: 7.0 APROVADO | C3: =IF(Resultados!C3<>Resultados!$B3,"MORTO","SOBREVIVE") -> MORTO | D3: =IF(Resultados!D3<>Resultados!$B3,"MORTO","SOBREVIVE") -> MORTO | E3: =IF(Resultados!E3<>Resultados!$B3,"MORTO","SOBREVIVE") -> MORTO | F3: =IF(Resultados!F3<>Resultados!$B3,"MORTO","SOBREVIVE") -> SOBREVIVE | G3: =IF(Resultados!G3<>Resultados!$B3,"MORTO","SOBREVIVE") -> SOBREVIVE | H3: =IF(Resultados!H3<>Resultados!$B3,"MORTO","SOBREVIVE") -> SOBREVIVE | I3: =IF(Resultados!I3<>Resultados!$B3,"MORTO","SOBREVIVE") -> SOBREVIVE | J3: =IF(Resultados!J3<>Resultados!$B3,"MORTO","SOBREVIVE") -> SOBREVIVE | ... Z3: =IF(Resultados!Z3<>Resultados!$B3,"MORTO","SOBREVIVE") -> SOBREVIVE
A4: CT03: 6 7 80 | B4: Media: 6.5 RECUPERACAO | C4: =IF(Resultados!C4<>Resultados!$B4,"MORTO","SOBREVIVE") -> MORTO | D4: =IF(Resultados!D4<>Resultados!$B4,"MORTO","SOBREVIVE") -> MORTO | E4: =IF(Resultados!E4<>Resultados!$B4,"MORTO","SOBREVIVE") -> MORTO | F4: =IF(Resultados!F4<>Resultados!$B4,"MORTO","SOBREVIVE") -> SOBREVIVE | G4: =IF(Resultados!G4<>Resultados!$B4,"MORTO","SOBREVIVE") -> SOBREVIVE | H4: =IF(Resultados!H4<>Resultados!$B4,"MORTO","SOBREVIVE") -> SOBREVIVE | I4: =IF(Resultados!I4<>Resultados!$B4,"MORTO","SOBREVIVE") -> SOBREVIVE | J4: =IF(Resultados!J4<>Resultados!$B4,"MORTO","SOBREVIVE") -> SOBREVIVE | ... Z4: =IF(Resultados!Z4<>Resultados!$B4,"MORTO","SOBREVIVE") -> SOBREVIVE
A5: CT04: 5 5 80 | B5: Media: 5.0 RECUPERACAO | C5: =IF(Resultados!C5<>Resultados!$B5,"MORTO","SOBREVIVE") -> MORTO | D5: =IF(Resultados!D5<>Resultados!$B5,"MORTO","SOBREVIVE") -> MORTO | E5: =IF(Resultados!E5<>Resultados!$B5,"MORTO","SOBREVIVE") -> MORTO | F5: =IF(Resultados!F5<>Resultados!$B5,"MORTO","SOBREVIVE") -> SOBREVIVE | G5: =IF(Resultados!G5<>Resultados!$B5,"MORTO","SOBREVIVE") -> SOBREVIVE | H5: =IF(Resultados!H5<>Resultados!$B5,"MORTO","SOBREVIVE") -> SOBREVIVE | I5: =IF(Resultados!I5<>Resultados!$B5,"MORTO","SOBREVIVE") -> SOBREVIVE | J5: =IF(Resultados!J5<>Resultados!$B5,"MORTO","SOBREVIVE") -> SOBREVIVE | ... Z5: =IF(Resultados!Z5<>Resultados!$B5,"MORTO","SOBREVIVE") -> SOBREVIVE
A6: CT05: 4 5 80 | B6: Media: 4.5 REPROVADO POR NOTA | C6: =IF(Resultados!C6<>Resultados!$B6,"MORTO","SOBREVIVE") -> MORTO | D6: =IF(Resultados!D6<>Resultados!$B6,"MORTO","SOBREVIVE") -> MORTO | E6: =IF(Resultados!E6<>Resultados!$B6,"MORTO","SOBREVIVE") -> MORTO | F6: =IF(Resultados!F6<>Resultados!$B6,"MORTO","SOBREVIVE") -> SOBREVIVE | G6: =IF(Resultados!G6<>Resultados!$B6,"MORTO","SOBREVIVE") -> SOBREVIVE | H6: =IF(Resultados!H6<>Resultados!$B6,"MORTO","SOBREVIVE") -> SOBREVIVE | I6: =IF(Resultados!I6<>Resultados!$B6,"MORTO","SOBREVIVE") -> SOBREVIVE | J6: =IF(Resultados!J6<>Resultados!$B6,"MORTO","SOBREVIVE") -> SOBREVIVE | ... Z6: =IF(Resultados!Z6<>Resultados!$B6,"MORTO","SOBREVIVE") -> SOBREVIVE
A7: CT06: 0 8 80 | B7: Media: 4.0 REPROVADO POR NOTA | C7: =IF(Resultados!C7<>Resultados!$B7,"MORTO","SOBREVIVE") -> MORTO | D7: =IF(Resultados!D7<>Resultados!$B7,"MORTO","SOBREVIVE") -> MORTO | E7: =IF(Resultados!E7<>Resultados!$B7,"MORTO","SOBREVIVE") -> MORTO | F7: =IF(Resultados!F7<>Resultados!$B7,"MORTO","SOBREVIVE") -> MORTO | G7: =IF(Resultados!G7<>Resultados!$B7,"MORTO","SOBREVIVE") -> SOBREVIVE | H7: =IF(Resultados!H7<>Resultados!$B7,"MORTO","SOBREVIVE") -> SOBREVIVE | I7: =IF(Resultados!I7<>Resultados!$B7,"MORTO","SOBREVIVE") -> SOBREVIVE | J7: =IF(Resultados!J7<>Resultados!$B7,"MORTO","SOBREVIVE") -> SOBREVIVE | ... Z7: =IF(Resultados!Z7<>Resultados!$B7,"MORTO","SOBREVIVE") -> SOBREVIVE
A8: CT07: 10 8 80 | B8: Media: 9.0 APROVADO | C8: =IF(Resultados!C8<>Resultados!$B8,"MORTO","SOBREVIVE") -> MORTO | D8: =IF(Resultados!D8<>Resultados!$B8,"MORTO","SOBREVIVE") -> MORTO | E8: =IF(Resultados!E8<>Resultados!$B8,"MORTO","SOBREVIVE") -> MORTO | F8: =IF(Resultados!F8<>Resultados!$B8,"MORTO","SOBREVIVE") -> SOBREVIVE | G8: =IF(Resultados!G8<>Resultados!$B8,"MORTO","SOBREVIVE") -> MORTO | H8: =IF(Resultados!H8<>Resultados!$B8,"MORTO","SOBREVIVE") -> SOBREVIVE | I8: =IF(Resultados!I8<>Resultados!$B8,"MORTO","SOBREVIVE") -> SOBREVIVE | J8: =IF(Resultados!J8<>Resultados!$B8,"MORTO","SOBREVIVE") -> SOBREVIVE | ... Z8: =IF(Resultados!Z8<>Resultados!$B8,"MORTO","SOBREVIVE") -> SOBREVIVE
A9: CT08: 8 0 80 | B9: Media: 4.0 REPROVADO POR NOTA | C9: =IF(Resultados!C9<>Resultados!$B9,"MORTO","SOBREVIVE") -> SOBREVIVE | D9: =IF(Resultados!D9<>Resultados!$B9,"MORTO","SOBREVIVE") -> MORTO | E9: =IF(Resultados!E9<>Resultados!$B9,"MORTO","SOBREVIVE") -> MORTO | F9: =IF(Resultados!F9<>Resultados!$B9,"MORTO","SOBREVIVE") -> SOBREVIVE | G9: =IF(Resultados!G9<>Resultados!$B9,"MORTO","SOBREVIVE") -> SOBREVIVE | H9: =IF(Resultados!H9<>Resultados!$B9,"MORTO","SOBREVIVE") -> MORTO | I9: =IF(Resultados!I9<>Resultados!$B9,"MORTO","SOBREVIVE") -> SOBREVIVE | J9: =IF(Resultados!J9<>Resultados!$B9,"MORTO","SOBREVIVE") -> SOBREVIVE | ... Z9: =IF(Resultados!Z9<>Resultados!$B9,"MORTO","SOBREVIVE") -> SOBREVIVE
A10: CT09: 8 10 80 | B10: Media: 9.0 APROVADO | C10: =IF(Resultados!C10<>Resultados!$B10,"MORTO","SOBREVIVE") -> MORTO | D10: =IF(Resultados!D10<>Resultados!$B10,"MORTO","SOBREVIVE") -> MORTO | E10: =IF(Resultados!E10<>Resultados!$B10,"MORTO","SOBREVIVE") -> MORTO | F10: =IF(Resultados!F10<>Resultados!$B10,"MORTO","SOBREVIVE") -> SOBREVIVE | G10: =IF(Resultados!G10<>Resultados!$B10,"MORTO","SOBREVIVE") -> SOBREVIVE | H10: =IF(Resultados!H10<>Resultados!$B10,"MORTO","SOBREVIVE") -> SOBREVIVE | I10: =IF(Resultados!I10<>Resultados!$B10,"MORTO","SOBREVIVE") -> MORTO | J10: =IF(Resultados!J10<>Resultados!$B10,"MORTO","SOBREVIVE") -> SOBREVIVE | ... Z10: =IF(Resultados!Z10<>Resultados!$B10,"MORTO","SOBREVIVE") -> SOBREVIVE
A11: CT10: 8 8 0 | B11: Media: 8.0 REPROVADO POR FALTA | C11: =IF(Resultados!C11<>Resultados!$B11,"MORTO","SOBREVIVE") -> MORTO | D11: =IF(Resultados!D11<>Resultados!$B11,"MORTO","SOBREVIVE") -> MORTO | E11: =IF(Resultados!E11<>Resultados!$B11,"MORTO","SOBREVIVE") -> MORTO | F11: =IF(Resultados!F11<>Resultados!$B11,"MORTO","SOBREVIVE") -> SOBREVIVE | G11: =IF(Resultados!G11<>Resultados!$B11,"MORTO","SOBREVIVE") -> SOBREVIVE | H11: =IF(Resultados!H11<>Resultados!$B11,"MORTO","SOBREVIVE") -> SOBREVIVE | I11: =IF(Resultados!I11<>Resultados!$B11,"MORTO","SOBREVIVE") -> SOBREVIVE | J11: =IF(Resultados!J11<>Resultados!$B11,"MORTO","SOBREVIVE") -> MORTO | ... Z11: =IF(Resultados!Z11<>Resultados!$B11,"MORTO","SOBREVIVE") -> SOBREVIVE
A12: CT11: 8 8 100 | B12: Media: 8.0 APROVADO | C12: =IF(Resultados!C12<>Resultados!$B12,"MORTO","SOBREVIVE") -> MORTO | D12: =IF(Resultados!D12<>Resultados!$B12,"MORTO","SOBREVIVE") -> MORTO | E12: =IF(Resultados!E12<>Resultados!$B12,"MORTO","SOBREVIVE") -> MORTO | F12: =IF(Resultados!F12<>Resultados!$B12,"MORTO","SOBREVIVE") -> SOBREVIVE | G12: =IF(Resultados!G12<>Resultados!$B12,"MORTO","SOBREVIVE") -> SOBREVIVE | H12: =IF(Resultados!H12<>Resultados!$B12,"MORTO","SOBREVIVE") -> SOBREVIVE | I12: =IF(Resultados!I12<>Resultados!$B12,"MORTO","SOBREVIVE") -> SOBREVIVE | J12: =IF(Resultados!J12<>Resultados!$B12,"MORTO","SOBREVIVE") -> SOBREVIVE | ... Z12: =IF(Resultados!Z12<>Resultados!$B12,"MORTO","SOBREVIVE") -> SOBREVIVE
A13: CT12: 8 8 74 | B13: Media: 8.0 REPROVADO POR FALTA | C13: =IF(Resultados!C13<>Resultados!$B13,"MORTO","SOBREVIVE") -> MORTO | D13: =IF(Resultados!D13<>Resultados!$B13,"MORTO","SOBREVIVE") -> MORTO | E13: =IF(Resultados!E13<>Resultados!$B13,"MORTO","SOBREVIVE") -> MORTO | F13: =IF(Resultados!F13<>Resultados!$B13,"MORTO","SOBREVIVE") -> SOBREVIVE | G13: =IF(Resultados!G13<>Resultados!$B13,"MORTO","SOBREVIVE") -> SOBREVIVE | H13: =IF(Resultados!H13<>Resultados!$B13,"MORTO","SOBREVIVE") -> SOBREVIVE | I13: =IF(Resultados!I13<>Resultados!$B13,"MORTO","SOBREVIVE") -> SOBREVIVE | J13: =IF(Resultados!J13<>Resultados!$B13,"MORTO","SOBREVIVE") -> SOBREVIVE | ... Z13: =IF(Resultados!Z13<>Resultados!$B13,"MORTO","SOBREVIVE") -> SOBREVIVE
... A25: CT24: 8 8 | B25: Entrada invalida. | C25: =IF(Resultados!C25<>Resultados!$B25,"MORTO","SOBREVIVE") -> SOBREVIVE | D25: =IF(Resultados!D25<>Resultados!$B25,"MORTO","SOBREVIVE") -> SOBREVIVE | E25: =IF(Resultados!E25<>Resultados!$B25,"MORTO","SOBREVIVE") -> SOBREVIVE | F25: =IF(Resultados!F25<>Resultados!$B25,"MORTO","SOBREVIVE") -> SOBREVIVE | G25: =IF(Resultados!G25<>Resultados!$B25,"MORTO","SOBREVIVE") -> SOBREVIVE | H25: =IF(Resultados!H25<>Resultados!$B25,"MORTO","SOBREVIVE") -> SOBREVIVE | I25: =IF(Resultados!I25<>Resultados!$B25,"MORTO","SOBREVIVE") -> SOBREVIVE | J25: =IF(Resultados!J25<>Resultados!$B25,"MORTO","SOBREVIVE") -> SOBREVIVE | ... Z25: =IF(Resultados!Z25<>Resultados!$B25,"MORTO","SOBREVIVE") -> SOBREVIVE
A27: Casos que matam | C27: =COUNTIFS(C2:C25,"MORTO") -> 14 | D27: =COUNTIFS(D2:D25,"MORTO") -> 15 | E27: =COUNTIFS(E2:E25,"MORTO") -> 15 | F27: =COUNTIFS(F2:F25,"MORTO") -> 2 | G27: =COUNTIFS(G2:G25,"MORTO") -> 2 | H27: =COUNTIFS(H2:H25,"MORTO") -> 2 | I27: =COUNTIFS(I2:I25,"MORTO") -> 2 | J27: =COUNTIFS(J2:J25,"MORTO") -> 1 | ... Z27: =COUNTIFS(Z2:Z25,"MORTO") -> 2
A28: Resultado no conjunto | C28: =IF(C27>0,"MORTO","SOBREVIVE") -> MORTO | D28: =IF(D27>0,"MORTO","SOBREVIVE") -> MORTO | E28: =IF(E27>0,"MORTO","SOBREVIVE") -> MORTO | F28: =IF(F27>0,"MORTO","SOBREVIVE") -> MORTO | G28: =IF(G27>0,"MORTO","SOBREVIVE") -> MORTO | H28: =IF(H27>0,"MORTO","SOBREVIVE") -> MORTO | I28: =IF(I27>0,"MORTO","SOBREVIVE") -> MORTO | J28: =IF(J27>0,"MORTO","SOBREVIVE") -> MORTO | ... Z28: =IF(Z27>0,"MORTO","SOBREVIVE") -> MORTO
A30: Mutantes mortos | B30: =COUNTIFS(C27:Z27,">0") -> 24
A31: Mutantes avaliados | B31: =COUNTA(C1:Z1) -> 24
A32: Escore de mutação | B32: =B30/B31 -> 1

Sheet Entradas
A1: Caso | B1: Entrada literal | C1: Nota 1 | D1: Nota 2 | E1: Frequência (%) | F1: Objetivo | G1: Caminho original
A2: CT01 | B2: 8 8 80 | C2: 8 | D2: 8 | E2: 80 | F2: Aprovação com média acima de 7. | G2: 1 3 5 7 10
A3: CT02 | B3: 7 7 80 | C3: 7 | D3: 7 | E3: 80 | F3: Limite exato de aprovação: média 7. | G3: 1 3 5 7 10
A4: CT03 | B4: 6 7 80 | C4: 6 | D4: 7 | E4: 80 | F4: Recuperação com média 6,5, imediatamente abaixo de 7. | G4: 1 3 5 8 10
A5: CT04 | B5: 5 5 80 | C5: 5 | D5: 5 | E5: 80 | F5: Limite exato de recuperação: média 5. | G5: 1 3 5 8 10
A6: CT05 | B6: 4 5 80 | C6: 4 | D6: 5 | E6: 80 | F6: Reprovação com média 4,5, imediatamente abaixo de 5. | G6: 1 3 5 9 10
A7: CT06 | B7: 0 8 80 | C7: 0 | D7: 8 | E7: 80 | F7: Menor nota 1 válida: zero. | G7: 1 3 5 9 10
A8: CT07 | B8: 10 8 80 | C8: 10 | D8: 8 | E8: 80 | F8: Maior nota 1 válida: dez. | G8: 1 3 5 7 10
A9: CT08 | B9: 8 0 80 | C9: 8 | D9: 0 | E9: 80 | F9: Menor nota 2 válida: zero. | G9: 1 3 5 9 10
A10: CT09 | B10: 8 10 80 | C10: 8 | D10: 10 | E10: 80 | F10: Maior nota 2 válida: dez. | G10: 1 3 5 7 10
A11: CT10 | B11: 8 8 0 | C11: 8 | D11: 8 | E11: 0 | F11: Menor frequência válida: 0%. | G11: 1 3 5 6 10
A12: CT11 | B12: 8 8 100 | C12: 8 | D12: 8 | E12: 100 | F12: Maior frequência válida: 100%. | G12: 1 3 5 7 10
A13: CT12 | B13: 8 8 74 | C13: 8 | D13: 8 | E13: 74 | F13: Frequência imediatamente abaixo do mínimo: 74%. | G13: 1 3 5 6 10
... A23: CT22 | B23: 10 10 80 | C23: 10 | D23: 10 | E23: 80 | F23: Duas notas no máximo válido: média dez. | G23: 1 3 5 7 10
A24: CT23 | B24: abc 8 80 | C24: abc | D24: 8 | E24: 80 | F24: Entrada não numérica: scanf não lê três inteiros. | G24: 1 2 10
A25: CT24 | B25: 8 8 | C25: 8 | D25: 8 | F25: Entrada incompleta, encerrada por EOF após duas notas. | G25: 1 2 10
A27: Resultados fixos de 600 execuções. Editar estas entradas não executa o código C novamente. CT24 termina em EOF.
A28: Fontes: programa.c e programa1.c a programa24.c; referência: Exemplos/Mutacao_triangulo_mais_atual/casos_de_teste_triangulo_mutation.ods.
A30: Mutante | B30: Arquivo | C30: Categoria | D30: Primeiro caso | E30: Casos que matam | F30: Alteração (original / mutante) | G30: Todos os casos que matam
A31: M1 | B31: programa1.c | C31: Aritmetica | D31: CT01 | E31: 14 | F31: Original: media = (nota1 + nota2) / 2.0; Mutante: media = (nota1 - nota2) / 2.0; | G31: CT01, CT02, CT03, CT04, CT05, CT06, CT07, CT09, CT10, CT11, CT12, CT13, CT14, CT22
A32: M2 | B32: programa2.c | C32: Aritmetica | D32: CT01 | E32: 15 | F32: Original: media = (nota1 + nota2) / 2.0; Mutante: media = (nota1 * nota2) / 2.0; | G32: CT01, CT02, CT03, CT04, CT05, CT06, CT07, CT08, CT09, CT10, CT11, CT12, CT13, CT14, CT22
A33: M3 | B33: programa3.c | C33: Aritmetica | D33: CT01 | E33: 15 | F33: Original: media = (nota1 + nota2) / 2.0; Mutante: media = (nota1 + nota2) * 2.0; | G33: CT01, CT02, CT03, CT04, CT05, CT06, CT07, CT08, CT09, CT10, CT11, CT12, CT13, CT14, CT22
A34: M4 | B34: programa4.c | C34: Relacional | D34: CT06 | E34: 2 | F34: Original: if (nota1 < 0 || nota1 > 10 || nota2 < 0 || nota2 > 10 || Mutante: if (nota1 <= 0 || nota1 > 10 || nota2 < 0 || nota2 > 10 || | G34: CT06, CT21
A35: M5 | B35: programa5.c | C35: Relacional | D35: CT07 | E35: 2 | F35: Original: if (nota1 < 0 || nota1 > 10 || nota2 < 0 || nota2 > 10 || Mutante: if (nota1 < 0 || nota1 >= 10 || nota2 < 0 || nota2 > 10 || | G35: CT07, CT22
A36: M6 | B36: programa6.c | C36: Relacional | D36: CT08 | E36: 2 | F36: Original: if (nota1 < 0 || nota1 > 10 || nota2 < 0 || nota2 > 10 || Mutante: if (nota1 < 0 || nota1 > 10 || nota2 <= 0 || nota2 > 10 || | G36: CT08, CT21
A37: M7 | B37: programa7.c | C37: Relacional | D37: CT09 | E37: 2 | F37: Original: if (nota1 < 0 || nota1 > 10 || nota2 < 0 || nota2 > 10 || Mutante: if (nota1 < 0 || nota1 > 10 || nota2 < 0 || nota2 >= 10 || | G37: CT09, CT22
A38: M8 | B38: programa8.c | C38: Relacional | D38: CT10 | E38: 1 | F38: Original: frequencia < 0 || frequencia > 100) { Mutante: frequencia <= 0 || frequencia > 100) { | G38: CT10
A39: M9 | B39: programa9.c | C39: Relacional | D39: CT11 | E39: 1 | F39: Original: frequencia < 0 || frequencia > 100) { Mutante: frequencia < 0 || frequencia >= 100) { | G39: CT11
A40: M10 | B40: programa10.c | C40: Relacional | D40: CT13 | E40: 1 | F40: Original: if (frequencia < 75) { Mutante: if (frequencia <= 75) { | G40: CT13
A41: M11 | B41: programa11.c | C41: Relacional | D41: CT01 | E41: 15 | F41: Original: if (frequencia < 75) { Mutante: if (frequencia > 75) { | G41: CT01, CT02, CT03, CT04, CT05, CT06, CT07, CT08, CT09, CT10, CT11, CT12, CT14, CT21, CT22
A42: M12 | B42: programa12.c | C42: Relacional | D42: CT01 | E42: 16 | F42: Original: if (frequencia < 75) { Mutante: if (frequencia >= 75) { | G42: CT01, CT02, CT03, CT04, CT05, CT06, CT07, CT08, CT09, CT10, CT11, CT12, CT13, CT14, CT21, CT22
... A54: M24 | B54: programa24.c | C54: Logica | D54: CT17 | E54: 2 | F54: Original: if (nota1 < 0 || nota1 > 10 || nota2 < 0 || nota2 > 10 || Mutante: if (nota1 < 0 || nota1 > 10 || nota2 < 0 && nota2 > 10 || | G54: CT17, CT18
